{
	"format_version": "1.8.0",
	"animations": {
		"animation.blazing_sun.spawn": {
			"animation_length": 1000,
			"bones": {
				"all": {
					"rotation": {
						"0.0": [3.13388, 17.22575, 12.0252],
						"2.0": [3.13388, 17.22575, 12.0252],
						"2.7": [3.13388, 17.22575, 12.0252],
						"3.0": [3.96077, 19.5664, 14.81719]
					},
					"position": {
						"0.0": [193, 1112, 0],
						"2.0": [193, 1112, 0],
						"2.7": [23, -5, -6],
						"3.0": [27, -11, -7]
					}
				},
				"c1": {
					"relative_to": {
						"rotation": "entity"
					},
					"rotation": {
						"0.0": [0, 0, 0],
						"3.0": [0, 360, 0]
					},
					"position": [0, 0, 0],
					"scale": {
						"0.0": [0, 0, 0],
						"0.5": [1, 1, 1]
					}
				},
				"c1p1": {
					"rotation": {
						"0.0": [0, 0, 0],
						"3.0": [0, 90, 0]
					},
					"position": [0, 0, 0],
					"scale": {
						"0.0": [0, 0, 0],
						"0.2917": [1, 1, 1]
					}
				},
				"c1p2": {
					"rotation": {
						"0.0": [0, 0, 0],
						"3.0": [0, 90, 0]
					},
					"position": [0, 0, 0],
					"scale": {
						"0.0": [0, 0, 0],
						"0.5": [1, 1, 1]
					}
				},
				"c1p3": {
					"rotation": {
						"0.0": [0, 0, 0],
						"3.5": [0, 720, 0]
					},
					"position": [0, 0, 0],
					"scale": {
						"0.0": [0, 0, 0],
						"0.5": [1, 1, 1]
					}
				}
			}
		}
	}
}