{
	"format_version": "1.8.0",
	"animations": {
		"animation.havoc.fx": {
			"animation_length": 5,
			"bones": {
				"all": {
					"rotation": {
						"0.0": [0, 0, 0],
						"2.08": [30, 0, 0],
						"2.52": [-17.5, 0, 0],
						"5.0": [0, 0, 0]
					},
					"position": [0, 0, 0]
				},
				"tail": {
					"rotation": {
						"0.0": [0, 0, 0],
						"2.08": [7.5, 0, 0],
						"2.52": [-22.5, 0, 0],
						"5.0": [0, 0, 0]
					}
				},
				"tail1": {
					"rotation": {
						"0.0": [0, 0, 0],
						"5.0": [0, 0, 0]
					}
				},
				"tail2": {
					"rotation": {
						"0.0": [0, 0, 0],
						"2.08": [12.5, 0, 0],
						"5.0": [0, 0, 0]
					}
				},
				"tail3": {
					"rotation": [10, 0, 0]
				},
				"tail4": {
					"rotation": {
						"0.0": [0, 0, 0],
						"2.08": [60, 0, 0],
						"5.0": [0, 0, 0]
					}
				},
				"tail5": {
					"rotation": {
						"0.0": [0, 0, 0],
						"2.08": [27.5, 0, 0],
						"5.0": [0, 0, 0]
					}
				},
				"body": {
					"rotation": {
						"0.0": [0, 0, 0],
						"2.08": [22.5, 0, 0],
						"2.52": [-7.5, 0, 0],
						"5.0": [0, 0, 0]
					},
					"position": [0, 0, 0]
				},
				"neck": {
					"rotation": {
						"0.0": [0, 0, 0],
						"2.52": [-15, 0, 0],
						"3.24": [0, 0, 0]
					},
					"position": {
						"0.0": [0, 0, 0],
						"2.52": [0, -2, 0],
						"3.24": [0, 0, 0]
					}
				},
				"neckz": {
					"rotation": {
						"0.0": [0, 0, 0],
						"2.08": [-12.5, 0, 0],
						"2.52": [-40, 0, 0],
						"3.24": [-25, 0, 0],
						"5.0": [0, 0, 0]
					},
					"position": [0, 0, 0]
				},
				"necky": {
					"rotation": {
						"0.0": [0, 0, 0],
						"2.08": [12.5, 0, 0],
						"2.52": [7.5, 0, 0],
						"5.0": [0, 0, 0]
					}
				},
				"neckx": {
					"rotation": {
						"0.0": [0, 0, 0],
						"2.08": [7.5, 0, 0],
						"2.52": [0, 0, 0],
						"5.0": [0, 0, 0]
					},
					"position": [0, 0, 0]
				},
				"head": {
					"rotation": {
						"0.0": [0, 0, 0],
						"2.08": [10, 0, 0],
						"2.52": [-22.5, 0, 0],
						"5.0": [0, 0, 0]
					}
				},
				"moutha1": {
					"rotation": {
						"0.0": [0, 0, 0],
						"2.08": [0, 0, 0],
						"2.52": [37.5, 0, 0],
						"5.0": [0, 0, 0]
					}
				},
				"hand1": {
					"rotation": {
						"0.0": [0, 0, 0],
						"2.08": [7.89042, -24.93269, -1.07654],
						"2.52": [-42.5, 45, 0],
						"5.0": [0, 0, 0]
					},
					"position": {
						"0.0": [0, 0, 0],
						"2.08": [0, 0, 0]
					}
				},
				"hand1a3": {
					"rotation": {
						"0.0": [0, 0, 0],
						"2.08": [-13.31175, -30.74924, -17.90681],
						"2.52": [0, 0, 0]
					},
					"position": {
						"0.0": [0, 0, 0],
						"2.08": [0, 0, 0]
					}
				},
				"weapon": {
					"rotation": {
						"0.0": [0, 0, 0],
						"2.08": [4.10719, -7.47662, -1.07134],
						"2.52": [0, 0, 0]
					},
					"position": {
						"0.0": [0, 0, 0],
						"2.08": [0, 0, 0]
					}
				},
				"hand2": {
					"rotation": {
						"0.0": [0, 0, 0],
						"2.08": [7.89042, -24.93269, 1.07654],
						"2.52": [-42.5, -45, 0],
						"5.0": [0, 0, 0]
					},
					"position": {
						"0.0": [0, 0, 0],
						"2.08": [0, 0, 0]
					}
				},
				"hand1a6": {
					"rotation": {
						"0.0": [0, 0, 0],
						"2.08": [-13.31175, 30.74924, 17.90681],
						"2.52": [0, 0, 0]
					},
					"position": {
						"0.0": [0, 0, 0],
						"2.08": [0, 0, 0]
					}
				},
				"weapon2": {
					"rotation": {
						"0.0": [0, 0, 0],
						"2.08": [4.10719, 7.47662, 1.07134],
						"2.52": [0, 0, 0]
					},
					"position": {
						"0.0": [0, 0, 0],
						"2.08": [0, 0, 0]
					}
				},
				"hand3": {
					"rotation": {
						"0.0": [0, 0, 0],
						"2.08": [-0.21224, -31.94102, -14.96035],
						"2.52": [6.22592, 39.40865, -17.40119],
						"5.0": [0, 0, 0]
					},
					"position": [0, 0, 0]
				},
				"hand1a9": {
					"rotation": {
						"0.0": [0, 0, 0],
						"2.08": [-25.46384, -14.87129, 2.02026],
						"2.52": [0.78765, 3.89097, -11.90726],
						"5.0": [0, 0, 0]
					},
					"position": [0, 0, 0]
				},
				"weapon3": {
					"rotation": {
						"0.0": [0, 0, 0],
						"2.08": [-12.91241, -2.04378, -14.85185],
						"2.52": [-25, 0, 0],
						"5.0": [0, 0, 0]
					},
					"position": [0, 0, 0]
				},
				"hand4": {
					"rotation": {
						"0.0": [0, 0, 0],
						"2.08": [-0.21224, 31.94102, 14.96035],
						"2.52": [6.22592, -39.40865, 17.40119],
						"5.0": [0, 0, 0]
					},
					"position": [0, 0, 0]
				},
				"hand1a12": {
					"rotation": {
						"0.0": [0, 0, 0],
						"2.08": [-25.46384, 14.87129, -2.02026],
						"2.52": [0.78765, -3.89097, 11.90726],
						"5.0": [0, 0, 0]
					},
					"position": [0, 0, 0]
				},
				"weapon4": {
					"rotation": {
						"0.0": [0, 0, 0],
						"2.08": [-12.91241, 2.04378, 14.85185],
						"2.52": [-25, 0, 0],
						"5.0": [0, 0, 0]
					},
					"position": [0, 0, 0]
				},
				"laser": {
					"rotation": {
						"0.0": [0, 0, 0],
						"2.52": [-25, 0, 0],
						"3.24": [-8.89, 0, 0],
						"4.96": [-1.39, 0, 0],
						"5.0": [0, 0, 0]
					},
					"position": {
						"0.0": [0, 0, 0],
						"2.08": [0, 0, 0],
						"2.52": [0, 2, -3],
						"2.84": [0, 0, 0],
						"3.24": [0, 0, 0]
					}
				},
				"laser1": {
					"rotation": [0, 0, 0],
					"scale": {
						"0.0": [0, 0, 0],
						"2.08": [0, 0, 0],
						"2.52": [4, 4, 4],
						"3.24": [0, 0, 0],
						"5.0": [0, 0, 0]
					}
				},
				"laser2": {
					"position": {
						"2.08": [0, 0, 0],
						"2.52": [18, 5, -29],
						"2.64": [0, 0, -78]
					},
					"scale": {
						"2.52": [4, 4, 4],
						"2.64": [0, 0, 0]
					}
				},
				"loop1": {
					"position": [0, 0, 0],
					"scale": {
						"2.08": [0, 0, 0],
						"2.32": [0.25, 0.25, 0.25],
						"2.52": [0.5, 0.5, 0.5]
					}
				},
				"loop5": {
					"scale": {
						"0.0": [0, 0, 0],
						"2.08": [0, 0, 0],
						"2.52": [0.9, 0.9, 0.9]
					}
				},
				"loop2": {
					"scale": {
						"2.08": [0, 0, 0],
						"2.52": [0.6, 0.6, 0.6]
					}
				},
				"loop3": {
					"scale": {
						"2.08": [0, 0, 0],
						"2.52": [0.7, 0.7, 0.7]
					}
				},
				"loop4": {
					"scale": {
						"2.08": [0, 0, 0],
						"2.52": [0.8, 0.8, 0.8]
					}
				},
				"laser3": {
					"position": {
						"2.52": [49, 16, -295],
						"2.64": [31, 0, -327]
					},
					"scale": {
						"0.0": [0, 0, 0],
						"2.52": [9, 9, 9],
						"2.64": [0, 0, 0]
					}
				},
				"loop6": {
					"scale": 0.5
				},
				"loop7": {
					"scale": 0.6
				},
				"loop8": {
					"scale": 0.7
				},
				"loop9": {
					"scale": 0.8
				},
				"loop10": {
					"scale": 0.9
				}
			}
		}
	}
}