{
    "skeleton": [
        {
            "name": "root",
            "parent": "root",
            "initpos": [
                0.0,
                0.0,
                -0.0
            ],
            "initquaternion": [
                -0.0000016026669982238673,
                -0.0000015070728522914579,
                0.697554349899292,
                0.7165318727493286
            ],
            "initscale": [
                1.0,
                1.0,
                1.0
            ],
            "offmtx": [
                [
                    0.026835869997739793,
                    0.9996398091316223,
                    -1.1985919456947159e-7,
                    -2.22485263889673e-17
                ],
                [
                    -0.9996398091316223,
                    0.026835869997739793,
                    -0.000004400427314976696,
                    -8.168171115038121e-16
                ],
                [
                    -0.000004395626092446037,
                    2.3790533987266827e-7,
                    1.0,
                    1.856222120455442e-10
                ]
            ]
        }
    ],
    "boundingbox": [
        [
            -0.007048234809190035,
            -7.17939763195119e-10,
            -0.012045030482113362
        ],
        [
            0.007048234809190035,
            0.01892676018178463,
            0.012045029550790787
        ]
    ]
}