{
	"format_version": "1.8.0",
	"animations": {
		"animation.havoc.fx": {
			"animation_length": 5,
			"bones": {
				"all": {
					"rotation": {
						"0.0": [0, 0, 0],
						"2.08": [30, 0, 0],
						"2.52": [-17.5, 0, 0],
						"5.0": [0, 0, 0]
					},
					"position": [0, 0, 0]
				},
				"tail": {
					"rotation": {
						"0.0": [0, 0, 0],
						"2.08": [7.5, 0, 0],
						"2.52": [-22.5, 0, 0],
						"5.0": [0, 0, 0]
					}
				},
				"tail1": {
					"rotation": {
						"0.0": [0, 0, 0],
						"5.0": [0, 0, 0]
					}
				},
				"tail2": {
					"rotation": {
						"0.0": [0, 0, 0],
						"2.08": [12.5, 0, 0],
						"5.0": [0, 0, 0]
					}
				},
				"tail3": {
					"rotation": [10, 0, 0]
				},
				"tail4": {
					"rotation": {
						"0.0": [0, 0, 0],
						"2.08": [60, 0, 0],
						"5.0": [0, 0, 0]
					}
				},
				"tail5": {
					"rotation": {
						"0.0": [0, 0, 0],
						"2.08": [27.5, 0, 0],
						"5.0": [0, 0, 0]
					}
				},
				"body": {
					"rotation": {
						"0.0": [0, 0, 0],
						"2.08": [22.5, 0, 0],
						"2.52": [-7.5, 0, 0],
						"5.0": [0, 0, 0]
					},
					"position": [0, 0, 0]
				},
				"neck": {
					"rotation": [0, 0, 0],
					"position": [0, 0, 0]
				},
				"neckz": {
					"rotation": {
						"0.0": [0, 0, 0],
						"2.08": [-12.5, 0, 0],
						"2.52": [-40, 0, 0],
						"3.24": [-25, 0, 0],
						"5.0": [0, 0, 0]
					},
					"position": [0, 0, 0]
				},
				"necky": {
					"rotation": {
						"0.0": [0, 0, 0],
						"2.08": [12.5, 0, 0],
						"2.52": [7.5, 0, 0],
						"5.0": [0, 0, 0]
					}
				},
				"neckx": {
					"rotation": {
						"0.0": [0, 0, 0],
						"2.08": [7.5, 0, 0],
						"2.52": [0, 0, 0],
						"5.0": [0, 0, 0]
					},
					"position": [0, 0, 0]
				},
				"head": {
					"rotation": {
						"0.0": [0, 0, 0],
						"2.08": [10, 0, 0],
						"2.52": [-22.5, 0, 0],
						"5.0": [0, 0, 0]
					}
				},
				"moutha1": {
					"rotation": {
						"0.0": [0, 0, 0],
						"2.08": [0, 0, 0],
						"2.52": [37.5, 0, 0],
						"5.0": [0, 0, 0]
					}
				},
				"hand1": {
					"rotation": {
						"0.0": [0, 0, 0],
						"2.08": [7.89042, -24.93269, -1.07654],
						"2.52": [-42.5, 45, 0],
						"5.0": [0, 0, 0]
					},
					"position": {
						"0.0": [0, 0, 0],
						"2.08": [0, 0, 0]
					}
				},
				"hand1a3": {
					"rotation": {
						"0.0": [0, 0, 0],
						"2.08": [-13.31175, -30.74924, -17.90681],
						"2.52": [0, 0, 0]
					},
					"position": {
						"0.0": [0, 0, 0],
						"2.08": [0, 0, 0]
					}
				},
				"weapon": {
					"rotation": {
						"0.0": [0, 0, 0],
						"2.08": [4.10719, -7.47662, -1.07134],
						"2.52": [0, 0, 0]
					},
					"position": {
						"0.0": [0, 0, 0],
						"2.08": [0, 0, 0]
					}
				},
				"hand2": {
					"rotation": {
						"0.0": [0, 0, 0],
						"2.08": [7.89042, -24.93269, 1.07654],
						"2.52": [-42.5, -45, 0],
						"5.0": [0, 0, 0]
					},
					"position": {
						"0.0": [0, 0, 0],
						"2.08": [0, 0, 0]
					}
				},
				"hand1a6": {
					"rotation": {
						"0.0": [0, 0, 0],
						"2.08": [-13.31175, 30.74924, 17.90681],
						"2.52": [0, 0, 0]
					},
					"position": {
						"0.0": [0, 0, 0],
						"2.08": [0, 0, 0]
					}
				},
				"weapon2": {
					"rotation": {
						"0.0": [0, 0, 0],
						"2.08": [4.10719, 7.47662, 1.07134],
						"2.52": [0, 0, 0]
					},
					"position": {
						"0.0": [0, 0, 0],
						"2.08": [0, 0, 0]
					}
				},
				"hand3": {
					"rotation": {
						"0.0": [0, 0, 0],
						"2.08": [-0.21224, -31.94102, -14.96035],
						"2.52": [6.22592, 39.40865, -17.40119],
						"5.0": [0, 0, 0]
					},
					"position": [0, 0, 0]
				},
				"hand1a9": {
					"rotation": {
						"0.0": [0, 0, 0],
						"2.08": [-25.46384, -14.87129, 2.02026],
						"2.52": [0.78765, 3.89097, -11.90726],
						"5.0": [0, 0, 0]
					},
					"position": [0, 0, 0]
				},
				"weapon3": {
					"rotation": {
						"0.0": [0, 0, 0],
						"2.08": [-12.91241, -2.04378, -14.85185],
						"2.52": [-25, 0, 0],
						"5.0": [0, 0, 0]
					},
					"position": [0, 0, 0]
				},
				"hand4": {
					"rotation": {
						"0.0": [0, 0, 0],
						"2.08": [-0.21224, 31.94102, 14.96035],
						"2.52": [6.22592, -39.40865, 17.40119],
						"5.0": [0, 0, 0]
					},
					"position": [0, 0, 0]
				},
				"hand1a12": {
					"rotation": {
						"0.0": [0, 0, 0],
						"2.08": [-25.46384, 14.87129, -2.02026],
						"2.52": [0.78765, -3.89097, 11.90726],
						"5.0": [0, 0, 0]
					},
					"position": [0, 0, 0]
				},
				"weapon4": {
					"rotation": {
						"0.0": [0, 0, 0],
						"2.08": [-12.91241, 2.04378, 14.85185],
						"2.52": [-25, 0, 0],
						"5.0": [0, 0, 0]
					},
					"position": [0, 0, 0]
				},
				"laser": {
					"rotation": {
						"0.0": [0, 0, 0],
						"2.52": [-25, 0, 0],
						"3.24": [0, 0, 0],
						"5.0": [0, 0, 0]
					},
					"position": {
						"0.0": [0, 0, 0],
						"2.08": [0, 0, 0],
						"2.52": [0, -28, 0],
						"2.84": [0, -12.22, 0],
						"3.08": [0, 0.91, 0],
						"3.24": [0, 6.48, 0]
					},
					"scale": {
						"0.0": [0, 0, 0],
						"2.08": [0, 0, 0],
						"2.52": [4, 4, 4],
						"3.24": [0, 0, 0]
					}
				}
			}
		}
	}
}