{
	"format_version": "1.8.0",
	"animations": {
		"animation.blazing_sun.spawn": {
			"animation_length": 1000,
			"bones": {
				"all": {
					"rotation": {
						"0.0": [3.13388, 17.22575, 12.0252],
						"2.3333": [3.13388, 17.22575, 12.0252],
						"2.7083": [3.13388, 17.22575, 12.0252],
						"3.0": [3.13388, 17.22575, 12.0252]
					},
					"position": {
						"0.0": [193, 1112, 0],
						"2.3333": [193, 1112, 0],
						"2.7083": [24, -14, -6],
						"3.0": [23, -18, -6]
					}
				},
				"c1": {
					"rotation": {
						"0.0": [0, 0, 0],
						"3.0": [0, 360, 0]
					},
					"position": [0, 0, 0],
					"scale": {
						"0.0": [0, 0, 0],
						"0.5": [1, 1, 1]
					}
				},
				"c1p1": {
					"rotation": {
						"0.0": [0, 0, 0],
						"3.0": [0, 90, 0]
					},
					"position": [0, 0, 0],
					"scale": {
						"0.0": [0, 0, 0],
						"0.2917": [1, 1, 1],
						"0.4167": [1.2, 1, 1.2],
						"0.6667": [1, 1, 1]
					}
				},
				"c1p2": {
					"rotation": {
						"0.0": [0, 0, 0],
						"3.0": [0, 90, 0]
					},
					"position": [0, 0, 0],
					"scale": {
						"0.0": [0, 0, 0],
						"0.5": [1, 1, 1],
						"0.625": [1.2, 1, 1.2],
						"0.875": [1, 1, 1]
					}
				},
				"c1p3": {
					"rotation": {
						"0.0": [0, 0, 0],
						"3.5": [0, 720, 0]
					},
					"position": [0, 0, 0],
					"scale": {
						"0.0": [0, 0, 0],
						"0.625": [1, 1, 1]
					}
				}
			}
		}
	}
}