{
	"format_version": "1.8.0",
	"animations": {
		"animation.cannon_cart.move": {
			"loop": true,
			"animation_length": 1.25,
			"bones": {
				"head": {
					"rotation": {
						"0.0": [0, 0, 0],
						"0.625": [2, 0, 0],
						"1.2083": [0, 0, 0]
					}
				},
				"body": {
					"rotation": {
						"0.0": [0, 0, 0],
						"1.2083": [0, 0, 0]
					},
					"position": {
						"0.0": [0, 0, 0],
						"0.2083": [0, -0.5, 0],
						"0.4167": [0, 0, 0],
						"0.625": [0, -0.5, 0],
						"0.8333": [0, 0, 0],
						"1.0417": [0, -0.5, 0],
						"1.2083": [0, 0, 0]
					},
					"scale": 1
				},
				"wheel_part2": {
					"rotation": {
						"0.0": [0, 0, 0],
						"1.2083": [-360, 0, 0]
					},
					"position": [0, 0, 0],
					"scale": 1
				},
				"wheel_part1": {
					"rotation": {
						"0.0": [0, 0, 0],
						"1.2083": [-360, 0, 0]
					},
					"position": [0, 0, 0],
					"scale": 1
				},
				"wheel_part3": {
					"rotation": {
						"0.0": [0, 0, 0],
						"1.2083": [-360, 0, 0]
					},
					"position": [0, 0, 0],
					"scale": 1
				},
				"wheel_part4": {
					"rotation": {
						"0.0": [0, 0, 0],
						"1.2083": [-360, 0, 0]
					},
					"position": [0, 0, 0],
					"scale": 1
				}
			}
		},
		"animation.cannon_cart.attack": {
			"loop": true,
			"animation_length": 1,
			"bones": {
				"head": {
					"rotation": {
						"0.0": [0, 0, 0],
						"0.125": [-7.5, 0, 0],
						"0.375": [0, 0, 0],
						"1.0": [0, 0, 0]
					},
					"position": {
						"0.0": [0, 0, 0],
						"0.125": [0, -0.25, 4],
						"1.0": [0, 0, 0]
					},
					"scale": 1
				},
				"body_part1": {
					"rotation": {
						"0.0": [0, 0, 0],
						"0.125": [0, 0, 0]
					},
					"position": {
						"0.0": [0, 0, 0],
						"0.125": [0, 0, 0],
						"0.2083": [ 0, 0, 0],
						"1.0": [0, 0, 0]
					}
				}
			}
		},
		"animation.cannon_cart.death1": {
			"animation_length": 10000000,
			"bones": {
				"circle4": {
					"rotation": {
						"0.0": [0, 0, 0],
						"0.4167": [45, 0, 0]
					},
					"position": {
						"0.0": [0, 0, 0],
						"0.1667": [-2.8, 0.25, 1.2],
						"0.4167": [-3, -1.25, 2]
					}
				},
				"wheel_part1": {
					"rotation": {
						"0.0": [0, 0, 0],
						"0.2917": [0, 0, -80]
					},
					"position": {
						"0.0": [0, 0, 0],
						"0.2917": [9, -2.25, -0.75]
					}
				},
				"wheel_part2": {
					"rotation": {
						"0.0": [0, 0, 0],
						"0.375": [10.44663, 20.11779, -25.48976],
						"0.5833": [-10.27206, 33.64409, -110.61321]
					},
					"position": {
						"0.0": [0, 0, 0],
						"0.375": [-3.21, -0.96, -1.29],
						"0.5833": [-5, -1.5, -2]
					}
				},
				"wheel_part3": {
					"rotation": {
						"0.0": [0, 0, 0],
						"0.4167": [-4.8493, -11.53486, -23.43992],
						"0.5833": [0, -17.5, -65]
					},
					"position": {
						"0.0": [0, 0, 0],
						"0.4167": [8.18, -0.82, 0.71],
						"0.5833": [7.25, -1.5, 1]
					}
				},
				"head": {
					"rotation": {
						"0.0": [0, 0, 0],
						"0.2917": [7.5, 0, 0],
						"0.5": [0, 0, 0]
					},
					"position": {
						"0.0": [0, 0, 0],
						"0.5": [0, -3, 0]
					}
				},
				"bone": {
					"rotation": {
						"0.0": [0, 0, 0],
						"0.5": [0, 0, 0]
					},
					"position": {
						"0.0": [0, 0, 0],
						"0.5": [0, -3, 0]
					}
				},
				"bone12": {
					"rotation": {
						"0.0": [0, 0, 0],
						"0.25": [75, 55, 0]
					},
					"position": {
						"0.0": [0, 0, 0],
						"0.25": [0, -2, 3]
					}
				},
				"bone13": {
					"rotation": {
						"0.0": [0, 0, 0],
						"0.25": [99.40804, -3.40487, -20.28025]
					},
					"position": {
						"0.0": [0, 0, 0],
						"0.25": [1, -3, 2]
					}
				},
				"bone14": {
					"rotation": {
						"0.0": [0, 0, 0],
						"0.3333": [0, 65, -185]
					},
					"position": {
						"0.0": [0, 0, 0],
						"0.1667": [-5.5, 1.5, 0],
						"0.3333": [-7, -7, 0]
					}
				},
				"bone15": {
					"rotation": {
						"0.0": [0, 0, 0],
						"0.3333": [-180, 95, 12.5]
					},
					"position": {
						"0.0": [0, 0, 0],
						"0.1667": [5, 2, 0],
						"0.3333": [5, -7, 2]
					}
				},
				"bone16": {
					"rotation": {
						"0.0": [0, 0, 0],
						"0.4167": [-360, 102.5, -177.5]
					},
					"position": {
						"0.0": [0, 0, 0],
						"0.2083": [3.5, 2.5, 0.4],
						"0.4167": [6.25, -6.25, 1]
					}
				},
				"bone17": {
					"rotation": {
						"0.0": [0, 0, 0],
						"0.4167": [0, 0, -182.5]
					},
					"position": {
						"0.0": [0, 0, 0],
						"0.2083": [-3.75, 3.08, 1.88],
						"0.4167": [-9, -7, 4.5]
					}
				},
				"bone18": {
					"rotation": {
						"0.0": [0, 0, 0],
						"0.3333": [83.26206, -39.95426, -2.09615]
					},
					"position": {
						"0.0": [0, 0, 0],
						"0.3333": [-4.25, -3.5, 0]
					}
				},
				"bone19": {
					"rotation": {
						"0.0": [0, 0, 0],
						"0.2083": [-109.92499, 59.62449, -8.58445]
					},
					"position": {
						"0.0": [0, 0, 0],
						"0.2083": [3.75, -3.5, -1]
					}
				},
				"bone20": {
					"rotation": {
						"0.0": [0, 0, 0],
						"0.25": [-12.5, 0, -75]
					},
					"position": {
						"0.0": [0, 0, 0],
						"0.25": [-4, -2, -1]
					}
				},
				"bone21": {
					"rotation": {
						"0.0": [0, 0, 0],
						"0.25": [-12.5, 0, 72.5]
					},
					"position": {
						"0.0": [0, 0, 0],
						"0.25": [4, -3, 0]
					}
				},
				"bone22": {
					"rotation": {
						"0.0": [0, 0, 0],
						"0.25": [71.12779, 32.18826, -4.75346]
					},
					"position": {
						"0.0": [0, 0, 0],
						"0.25": [0, -3.1, -3.75]
					}
				},
				"bone64": {
					"rotation": {
						"0.0": [0, 0, 0],
						"0.1667": [0, 0, 100]
					},
					"position": {
						"0.0": [0, 0, 0],
						"0.1667": [3, -3, 0.25]
					}
				},
				"bone65": {
					"rotation": {
						"0.0": [0, 0, 0],
						"0.1667": [-112.33978, 19.98015, 0.90956]
					},
					"position": {
						"0.0": [0, 0, 0],
						"0.1667": [-1, -4, 3]
					}
				},
				"bone2": {
					"rotation": {
						"0.0": [0, 0, 0],
						"0.25": [105, -40, 0]
					},
					"position": {
						"0.0": [0, 0, 0],
						"0.25": [0, -3.75, 6],
						"1.125": [0, -3.45, 6]
					}
				}
			}
		}
	}
}