{
	"format_version": "1.8.0",
	"animations": {
		"animation.god_of_guard.walk": {
			"loop": true,
			"animation_length": 0.66667,
			"bones": {
				"bone26": {
					"position": {
						"0.0": [0, -1, 0],
						"0.1667": [0, -2, 0],
						"0.3333": [0, 0, 0],
						"0.5": [0, -2, 0],
						"0.6667": [0, -1, 0]
					}
				},
				"body": {
					"rotation": {
						"0.0": [0, 7.5, 0],
						"0.5": [0, -10, 0],
						"0.6667": [0, 7.5, 0]
					}
				},
				"bone9": {
					"rotation": {
						"0.0": [0, 5, 0],
						"0.3333": [0, -2.5, 0],
						"0.6667": [0, 5, 0]
					}
				},
				"leftArm": {
					"rotation": {
						"0.0": [-12.5, 0, 0],
						"0.3333": [27.29887, 3.45533, -6.66067],
						"0.6667": [-12.5, 0, 0]
					}
				},
				"bone11": {
					"rotation": {
						"0.0": [-22.5, 0, 0],
						"0.3333": [-12.5, 0, 0],
						"0.6667": [-22.5, 0, 0]
					}
				},
				"rightArm": {
					"rotation": {
						"0.0": [19.95392, -1.08089, 4.88206],
						"0.3333": [-9.99223, -1.40808, 2.40298],
						"0.6667": [19.95392, -1.08089, 4.88206]
					}
				},
				"bone15": {
					"rotation": {
						"0.0": [-5, 0, 0],
						"0.3333": [-17.5, 0, 0],
						"0.6667": [-5, 0, 0]
					}
				},
				"bone35": {
					"rotation": {
						"0.0": [12.5, 0, 0],
						"0.125": [15.36, 0, 0],
						"0.1667": [18.4, 0, 0],
						"0.2917": [7.5, 0, 0],
						"0.4167": [16.25, 0, 0],
						"0.4583": [18.33, 0, 0],
						"0.5": [23.67, 0, 0],
						"0.5417": [15, 0, 0],
						"0.6667": [12.5, 0, 0]
					}
				},
				"rightLeg": {
					"rotation": {
						"0.0": [-32.5, 0, 0],
						"0.1667": [-33.5, 0, 0],
						"0.3333": [4, 0, 0],
						"0.5": [29, 0, 0],
						"0.6667": [-32.5, 0, 0]
					}
				},
				"bone24": {
					"rotation": {
						"0.0": [67.5, 0, 0],
						"0.1667": [0, 0, 0],
						"0.3333": [7.5, 0, 0],
						"0.5": [5, 0, 0],
						"0.6667": [67.5, 0, 0]
					}
				},
				"leftLeg": {
					"rotation": {
						"0.0": [12.5, 0, 0],
						"0.1667": [27.5, 0, 0],
						"0.3333": [-32.5, 0, 0],
						"0.5": [-34.5, 0, 0],
						"0.6667": [12.5, 0, 0]
					}
				},
				"bone28": {
					"rotation": {
						"0.0": [7.5, 0, 0],
						"0.1667": [0, 0, 0],
						"0.3333": [75, 0, 0],
						"0.5": [-2.5, 0, 0],
						"0.6667": [7.5, 0, 0]
					}
				},
				"bone29": {
					"rotation": {
						"0.0": [-11.93488, 2.86313, 22.32648],
						"0.375": [12.15865, 5.60289, 10.09575],
						"0.6667": [-11.93488, 2.86313, 22.32648]
					}
				},
				"bone30": {
					"rotation": {
						"0.0": [15, 0, 0],
						"0.375": [-17.32417, -1.61888, -12.39638],
						"0.6667": [15, 0, 0]
					}
				},
				"aa": {
					"rotation": [0, 0, 0]
				}
			}
		},
		"animation.god_of_guard.staff": {
			"loop": true,
			"bones": {
				"bone13": {
					"rotation": [-2.5, 0, 0]
				},
				"bone9": {
					"rotation": [5, 0, 0]
				},
				"to": {
					"rotation": [5, 0, 0]
				},
				"bone10": {
					"rotation": [2.5, 0, -5]
				},
				"bone11": {
					"rotation": [-7.5, 0, 0]
				},
				"bone14": {
					"rotation": [-36.42711, 4.34161, -8.15799]
				},
				"bone15": {
					"rotation": [-55, 0, 0]
				},
				"bone33": {
					"rotation": [0, 0, -5]
				},
				"bone23": {
					"rotation": [-5, 0, 0]
				},
				"bone24": {
					"rotation": [20, 0, 0]
				},
				"bone27": {
					"rotation": [5, 0, 2.5]
				},
				"bone29": {
					"rotation": [-5, 0, 5]
				},
				"bone30": {
					"rotation": [0, 0, -5]
				},
				"bone46": {
					"position": [-0.85, -0.5875, 0]
				},
				"bone17": {
					"scale": 1
				},
				"jian": {
					"scale": 0
				}
			}
		},
		"animation.god_of_guard.sword": {
			"loop": true,
			"animation_length": 1,
			"bones": {
				"bone46": {
					"scale": [0, 0, 0]
				}
			}
		},
		"animation.god_of_guard.staff_effect": {
			"animation_length": 1,
            "loop":false,
			"bones": {
				"rightArm": {
					"rotation": [-27.5, 0, 0]
				},
				"bone15": {
					"rotation": [10, 0, 0]
				}
			},
			"particle_effects": {
				"0.0": [
					{
						"effect": "staff_center",
						"locator": "staff_center"
					},
					{
						"effect": "center",
						"locator": "center"
					}
				]
			}
		}
	}
}