{
	"format_version": "1.8.0",
	"animations": {
		"animation.humanoid.rise_one_hand": {
			"animation_length": 1.08333,
			"bones": {
				"root": {
					"rotation": [0, 0, 0],
					"position": [0, 0, 0]
				},
				"rightArm": {
					"rotation": {
						"0.0": [0, 0, 0],
						"0.1667": [-180, 0, -10],
						"0.8333": [-180, 0, -10],
						"1.0833": [0, 0, 0]
					}
				},
				"rightItem": {
					"rotation": {
						"0.0": [0, 0, 0],
						"0.1667": [90, 0, 0],
						"0.8333": [90, 0, 0],
						"1.0833": [0, 0, 0]
					}
				}
			}
		},
		"animation.humanoid.vertical_direction_brandish": {
			"animation_length": 0.58333,
			"bones": {
				"root": {
					"rotation": {
						"0.0": [0, 0, 0],
						"0.0833": [-7.5, 0, 0],
						"0.1667": [-7.5, 0, 0],
						"0.375": [7.5, 0, 0],
						"0.5833": [0, 0, 0]
					}
				},
				"waist": {
					"rotation": {
						"0.0": [0, 0, 0],
						"0.0833": [-12.5, 0, 0],
						"0.1667": [-12.5, 0, 0],
						"0.375": [25, 0, 0],
						"0.5833": [0, 0, 0]
					}
				},
				"head": {
					"rotation": {
						"0.0": [0, 0, 0],
						"0.0833": [-40, 0, 0],
						"0.1667": [-40, 0, 0],
						"0.375": [12.5, 0, 0],
						"0.5833": [0, 0, 0]
					}
				},
				"rightLeg": {
					"rotation": {
						"0.0": [0, 0, 0],
						"0.0833": [17.5, 0, 0],
						"0.1667": [17.5, 0, 0],
						"0.375": [-17.5, 0, 0],
						"0.5833": [0, 0, 0]
					}
				},
				"leftArm": {
					"rotation": {
						"0.0": [0, 0, 0],
						"0.0833": [-102.53061, 36.83503, -7.58967],
						"0.1667": [-102.53061, 36.83503, -7.58967],
						"0.375": [-75.64236, 30.13229, -4.91285],
						"0.5833": [0, 0, 0]
					}
				},
				"rightArm": {
					"rotation": {
						"0.0": [0, 0, 0],
						"0.0833": [-105.69284, -16.88547, 4.6653],
						"0.1667": [-105.69284, -16.88547, 4.6653],
						"0.375": [-69.31794, -23.85414, -6.41596],
						"0.5833": [0, 0, 0]
					}
				}
			}
		},
		"animation.humanoid.catapult": {
			"animation_length": 0.625,
			"bones": {
				"leftArm": {
					"rotation": {
						"0.0": [0, 0, 0],
						"0.125": [-84.36696, 27.38656, 2.59775],
						"0.25": [-84.37, 27.39, 2.6],
						"0.4583": [-98.59248, -14.63554, 9.12756],
						"0.625": [0, 0, 0]
					}
				},
				"rightArm": {
					"rotation": {
						"0.0": [0, 0, 0],
						"0.125": [-84.92327, -9.96156, -0.88045],
						"0.25": [-84.92, -9.96, -0.88],
						"0.4583": [-84.92, -9.96, -0.88],
						"0.625": [0, 0, 0]
					}
				}
			}
		},
		"animation.humanoid.brandish": {
			"animation_length": 0.58333,
			"bones": {
				"root": {
					"rotation": {
						"0.0": [0, 0, 0],
						"0.0833": [2.7071, 42.66808, -3.38797],
						"0.2083": [2.7071, 42.66808, -3.38797],
						"0.375": [0, -30, 0],
						"0.5833": [0, 0, 0]
					}
				},
				"waist": {
					"rotation": {
						"0.0": [0, 0, 0],
						"0.0833": [10, 17.5, 0],
						"0.2083": [10, 17.5, 0],
						"0.375": [0, -25, 0],
						"0.5833": [0, 0, 0]
					},
					"position": {
						"0.0": [0, 0, 0],
						"0.5833": [0, 0, 0]
					}
				},
				"head": {
					"rotation": {
						"0.0": [0, 0, 0],
						"0.0833": [-7.15324, 31.21512, -8.99968],
						"0.2083": [-7.15324, 31.21512, -8.99968],
						"0.375": [-10.19383, -14.92267, 0.89744],
						"0.5833": [0, 0, 0]
					}
				},
				"rightLeg": {
					"rotation": {
						"0.0": [0, 0, 0],
						"0.0833": [12.2127, -2.68507, 12.2127],
						"0.2083": [12.2127, -2.68507, 12.2127],
						"0.375": [12.5, 0, 7.5],
						"0.5833": [0, 0, 0]
					},
					"position": {
						"0.0": [0, 0, 0],
						"0.5833": [0, 0, 0]
					}
				},
				"leftLeg": {
					"rotation": {
						"0.0": [0, 0, 0],
						"0.0833": [-7.47178, -0.65182, -4.95744],
						"0.2083": [-7.47178, -0.65182, -4.95744],
						"0.375": [-17.51893, 0.43523, -4.98107],
						"0.5833": [0, 0, 0]
					}
				},
				"leftArm": {
					"rotation": {
						"0.0": [0, 0, 0],
						"0.2083": [0, 0, 0],
						"0.375": [22.5, 0, 0],
						"0.5833": [0, 0, 0]
					}
				},
				"rightArm": {
					"rotation": {
						"0.0": [0, 0, 0],
						"0.0833": [4.88206, -1.08089, 39.95392],
						"0.2083": [4.88206, -1.08089, 39.95392],
						"0.375": [-110.7019, -17.9934, 50.377],
						"0.5833": [0, 0, 0]
					}
				},
				"rightItem": {
					"rotation": {
						"0.0": [0, 0, 0],
						"0.0833": [80, 0, 0],
						"0.2083": [80, 0, 0],
						"0.375": [80, 0, 0],
						"0.5833": [0, 0, 0]
					}
				}
			}
		},
		"animation.humanoid.sprint": {
			"animation_length": 0.54167,
			"bones": {
				"root": {
					"rotation": {
						"0.0": [0, 0, 0],
						"0.1667": [50, 0, 0],
						"0.5417": [0, 0, 0]
					},
					"position": {
						"0.0": [0, 0, 0],
						"0.1667": [0, 3, 12],
						"0.5417": [0, 0, 0]
					}
				},
				"head": {
					"rotation": {
						"0.0": [0, 0, 0],
						"0.1667": [-17.5, 0, 0],
						"0.5417": [0, 0, 0]
					}
				},
				"rightLeg": {
					"rotation": {
						"0.0": [0, 0, 0],
						"0.1667": [-82.5, 0, 0],
						"0.5417": [0, 0, 0]
					}
				},
				"leftLeg": {
					"rotation": {
						"0.0": [0, 0, 0],
						"0.1667": [10, 0, 0],
						"0.5417": [0, 0, 0]
					}
				},
				"rightArm": {
					"rotation": {
						"0.0": [0, 0, 0],
						"0.1667": ["-90 + query.head_x_rotation(0)", 0, 0],
						"0.5417": [0, 0, 0]
					}
				},
				"rightItem": {
					"rotation": {
						"0.0": [0, 0, 0],
						"0.1667": [90, 0, 0],
						"0.5417": [0, 0, 0]
					},
					"position": {
						"0.0": [0, 0, 0],
						"0.1667": [0, 0, 0],
						"0.5417": [0, 0, 0]
					}
				}
			}
		},
		"animation.humanoid.rolling": {
			"animation_length": 0.41667,
			"bones": {
				"root": {
					"rotation": {
						"0.0": [0, 0, 0],
						"0.2083": [10, 180, 0],
						"0.4167": [0, 360, 0]
					},
					"position": {
						"0.0": [0, 0, 0],
						"0.2083": [0, 0, 0],
						"0.4167": [0, 0, 0]
					}
				},
				"waist": {
					"rotation": {
						"0.0": [0, 0, 0],
						"0.4167": [0, 0, 0]
					},
					"position": {
						"0.0": [0, 0, 0],
						"0.4167": [0, 0, 0]
					}
				},
				"head": {
					"rotation": {
						"0.0": [0, 0, 0],
						"0.2083": [-7.5, 180, 0],
						"0.4167": [0, 360, 0]
					},
					"position": {
						"0.0": [0, 0, 0],
						"0.4167": [0, 0, 0]
					}
				},
				"rightLeg": {
					"rotation": {
						"0.0": [0, 0, 0],
						"0.2083": [15, 0, 0],
						"0.4167": [0, 0, 0]
					},
					"position": {
						"0.0": [0, 0, 0],
						"0.4167": [0, 0, 0]
					}
				},
				"leftLeg": {
					"rotation": {
						"0.0": [0, 0, 0],
						"0.2083": [-15, 0, -2.5],
						"0.4167": [0, 0, 0]
					},
					"position": {
						"0.0": [0, 0, 0],
						"0.4167": [0, 0, 0]
					}
				},
				"leftArm": {
					"rotation": {
						"0.0": [0, 0, 0],
						"0.4167": [0, 0, 0]
					},
					"position": {
						"0.0": [0, 0, 0],
						"0.4167": [0, 0, 0]
					}
				},
				"rightArm": {
					"rotation": {
						"0.0": [0, 0, 0],
						"0.2083": [-26.56505, 37.76124, 50.76848],
						"0.4167": [0, 0, 0]
					},
					"position": {
						"0.0": [0, 0, 0],
						"0.4167": [0, 0, 0]
					}
				}
			}
		}
	}
}